rgn_id,value
1.0,0.55687483917468
2.0,0.55687483917468
3.0,0.55687483917468
4.0,0.55687483917468
5.0,0.55687483917468
6.0,0.55687483917468
7.0,0.55687483917468
8.0,0.55687483917468
9.0,0.55687483917468
10.0,0.55687483917468
