rgn_id,pressure_score
1.0,0.232954336861426
2.0,0.232954336861426
3.0,0.232954336861426
4.0,0.232954336861426
5.0,0.232954336861426
6.0,0.232954336861426
7.0,0.232954336861426
8.0,0.232954336861426
9.0,0.232954336861426
10.0,0.232954336861426
