rgn_id,pressure_score
1.0,0.0766159782474617
2.0,0.0766159782474617
3.0,0.0766159782474617
4.0,0.0766159782474617
5.0,0.0766159782474617
6.0,0.0766159782474617
7.0,0.0766159782474617
8.0,0.0766159782474617
9.0,0.0766159782474617
10.0,0.0766159782474617
