rgn_id,pressure_score
1.0,0.211829529968
2.0,0.211829529968
3.0,0.211829529968
4.0,0.211829529968
5.0,0.211829529968
6.0,0.211829529968
7.0,0.211829529968
8.0,0.211829529968
9.0,0.211829529968
10.0,0.211829529968
