rgn_id,pressure_score
1.0,0.176880108954687
2.0,0.176880108954687
3.0,0.176880108954687
4.0,0.176880108954687
5.0,0.176880108954687
6.0,0.176880108954687
7.0,0.176880108954687
8.0,0.176880108954687
9.0,0.176880108954687
10.0,0.176880108954687
