rgn_id,trend
1.0,-0.013247803970795
2.0,-0.013247803970795
3.0,-0.013247803970795
4.0,-0.013247803970795
5.0,-0.013247803970795
6.0,-0.013247803970795
7.0,-0.013247803970795
8.0,-0.013247803970795
9.0,-0.013247803970795
10.0,-0.013247803970795
