rgn_id,trend
1.0,0.00559516119814401
2.0,0.00559516119814401
3.0,0.00559516119814401
4.0,0.00559516119814401
5.0,0.00559516119814401
6.0,0.00559516119814401
7.0,0.00559516119814401
8.0,0.00559516119814401
9.0,0.00559516119814401
10.0,0.00559516119814401
