rgn_id,trend
1.0,0.30598974131733
2.0,0.30598974131733
3.0,0.30598974131733
4.0,0.30598974131733
5.0,0.30598974131733
6.0,0.30598974131733
7.0,0.30598974131733
8.0,0.30598974131733
9.0,0.30598974131733
10.0,0.30598974131733
