rgn_id,pressure_score
1.0,0.039302895581158
2.0,0.039302895581158
3.0,0.039302895581158
4.0,0.039302895581158
5.0,0.039302895581158
6.0,0.039302895581158
7.0,0.039302895581158
8.0,0.039302895581158
9.0,0.039302895581158
10.0,0.039302895581158
