rgn_id,value
1.0,0.491138401207944
2.0,0.491138401207944
3.0,0.491138401207944
4.0,0.491138401207944
5.0,0.491138401207944
6.0,0.491138401207944
7.0,0.491138401207944
8.0,0.491138401207944
9.0,0.491138401207944
10.0,0.491138401207944
