rgn_id,resilience.score
1.0,0.38133469618022
2.0,0.38133469618022
3.0,0.38133469618022
4.0,0.38133469618022
5.0,0.38133469618022
6.0,0.38133469618022
7.0,0.38133469618022
8.0,0.38133469618022
9.0,0.38133469618022
10.0,0.38133469618022
