rgn_id,score
1.0,5.68537153903008e-4
2.0,5.68537153903008e-4
3.0,5.68537153903008e-4
4.0,5.68537153903008e-4
5.0,5.68537153903008e-4
6.0,5.68537153903008e-4
7.0,5.68537153903008e-4
8.0,5.68537153903008e-4
9.0,5.68537153903008e-4
10.0,5.68537153903008e-4
