rgn_id,w_fis
1.0,0.733297196824746
2.0,0.733297196824746
3.0,0.733297196824746
4.0,0.733297196824746
5.0,0.733297196824746
6.0,0.733297196824746
7.0,0.733297196824746
8.0,0.733297196824746
9.0,0.733297196824746
10.0,0.733297196824746
