rgn_id,resilience.score
1.0,0.722222222222167
2.0,0.722222222222167
3.0,0.722222222222167
4.0,0.722222222222167
5.0,0.722222222222167
6.0,0.722222222222167
7.0,0.722222222222167
8.0,0.722222222222167
9.0,0.722222222222167
10.0,0.722222222222167
