rgn_id,habitat,trend
1.0,soft_bottom,0.0100957741874265
2.0,soft_bottom,0.0100957741874265
3.0,soft_bottom,0.0100957741874265
4.0,soft_bottom,0.0100957741874265
5.0,soft_bottom,0.0100957741874265
6.0,soft_bottom,0.0100957741874265
7.0,soft_bottom,0.0100957741874265
8.0,soft_bottom,0.0100957741874265
9.0,soft_bottom,0.0100957741874265
10.0,soft_bottom,0.0100957741874265
