rgn_id,resilience.score
1.0,0.727272727272727
2.0,0.727272727272727
3.0,0.727272727272727
4.0,0.727272727272727
5.0,0.727272727272727
6.0,0.727272727272727
7.0,0.727272727272727
8.0,0.727272727272727
9.0,0.727272727272727
10.0,0.727272727272727
