rgn_id,pressures.score
1.0,0.099503517
2.0,0.099503517
3.0,0.099503517
4.0,0.099503517
5.0,0.099503517
6.0,0.099503517
7.0,0.099503517
8.0,0.099503517
9.0,0.099503517
10.0,0.099503517
