rgn_id,score
1.0,0.649369177571429
2.0,0.649369177571429
3.0,0.649369177571429
4.0,0.649369177571429
5.0,0.649369177571429
6.0,0.649369177571429
7.0,0.649369177571429
8.0,0.649369177571429
9.0,0.649369177571429
10.0,0.649369177571429
