rgn_id,pressure_score
1.0,0.784740163738889
2.0,0.784740163738889
3.0,0.784740163738889
4.0,0.784740163738889
5.0,0.784740163738889
6.0,0.784740163738889
7.0,0.784740163738889
8.0,0.784740163738889
9.0,0.784740163738889
10.0,0.784740163738889
