rgn_id,pressure_score
1.0,0.441038497663563
2.0,0.441038497663563
3.0,0.441038497663563
4.0,0.441038497663563
5.0,0.441038497663563
6.0,0.441038497663563
7.0,0.441038497663563
8.0,0.441038497663563
9.0,0.441038497663563
10.0,0.441038497663563
