rgn_id,pressure_score
1.0,0.32833390537509
2.0,0.32833390537509
3.0,0.32833390537509
4.0,0.32833390537509
5.0,0.32833390537509
6.0,0.32833390537509
7.0,0.32833390537509
8.0,0.32833390537509
9.0,0.32833390537509
10.0,0.32833390537509
