rgn_id,pressure_score
1.0,0.0245055473724395
2.0,0.0245055473724395
3.0,0.0245055473724395
4.0,0.0245055473724395
5.0,0.0245055473724395
6.0,0.0245055473724395
7.0,0.0245055473724395
8.0,0.0245055473724395
9.0,0.0245055473724395
10.0,0.0245055473724395
