rgn_id,pressure_score
1.0,0.597706050335823
2.0,0.597706050335823
3.0,0.597706050335823
4.0,0.597706050335823
5.0,0.597706050335823
6.0,0.597706050335823
7.0,0.597706050335823
8.0,0.597706050335823
9.0,0.597706050335823
10.0,0.597706050335823
