rgn_id,pressures.score
1.0,0.586141236
2.0,0.586141236
3.0,0.586141236
4.0,0.586141236
5.0,0.586141236
6.0,0.586141236
7.0,0.586141236
8.0,0.586141236
9.0,0.586141236
10.0,0.586141236
