rgn_id,score
1.0,0.913598449299279
2.0,0.913598449299279
3.0,0.913598449299279
4.0,0.913598449299279
5.0,0.913598449299279
6.0,0.913598449299279
7.0,0.913598449299279
8.0,0.913598449299279
9.0,0.913598449299279
10.0,0.913598449299279
