rgn_id,score
1.0,0.926991328191765
2.0,0.926991328191765
3.0,0.926991328191765
4.0,0.926991328191765
5.0,0.926991328191765
6.0,0.926991328191765
7.0,0.926991328191765
8.0,0.926991328191765
9.0,0.926991328191765
10.0,0.926991328191765
