rgn_id,score
1.0,-0.131184290103394
2.0,-0.131184290103394
3.0,-0.131184290103394
4.0,-0.131184290103394
5.0,-0.131184290103394
6.0,-0.131184290103394
7.0,-0.131184290103394
8.0,-0.131184290103394
9.0,-0.131184290103394
10.0,-0.131184290103394
