rgn_id,score
1.0,0.337741547171027
2.0,0.337741547171027
3.0,0.337741547171027
4.0,0.337741547171027
5.0,0.337741547171027
6.0,0.337741547171027
7.0,0.337741547171027
8.0,0.337741547171027
9.0,0.337741547171027
10.0,0.337741547171027
