rgn_id,score
1.0,0.662258452828973
2.0,0.662258452828973
3.0,0.662258452828973
4.0,0.662258452828973
5.0,0.662258452828973
6.0,0.662258452828973
7.0,0.662258452828973
8.0,0.662258452828973
9.0,0.662258452828973
10.0,0.662258452828973
